,SCHOOL_ID,count,l-count,c-count,ncount
0,29170100102,3,4,4,4
1,29170100103,2,3,3,3
2,29170100104,5,6,6,6
3,29170100201,44,45,45,45
4,29170100203,71,72,72,72
5,29170100501,3,4,4,4
6,29170100502,21,22,22,22
7,29170100701,44,45,45,45
8,29170100702,25,26,26,26
9,29170100704,32,33,33,33
10,29170100901,7,8,8,8
11,29170100902,30,31,31,31
12,29170101001,14,15,15,15
13,29170101101,12,13,13,13
14,29170101103,4,5,5,5
15,29170101401,6,7,7,7
16,29170101501,18,19,19,19
17,29170101502,53,54,54,54
18,29170101507,59,60,60,60
19,29170101601,20,21,21,21
20,29170102701,31,32,32,32
21,29170102802,31,32,32,32
22,29170102803,78,79,79,79
23,29170103001,43,44,44,44
24,29170103002,3,4,4,4
25,29170103102,47,48,48,48
26,29170103104,145,146,146,146
27,29170103201,1,2,2,2
28,29170103301,5,6,6,6
29,29170103401,28,29,29,29
30,29170103403,4,5,5,5
31,29170103501,15,16,16,16
32,29170103502,11,12,12,12
33,29170103503,14,15,15,15
34,29170103604,37,38,38,38
35,29170103606,37,38,38,38
36,29170103609,192,193,193,193
37,29170103701,2,3,3,3
38,29170103702,34,35,35,35
39,29170103901,4,5,5,5
40,29170104001,18,19,19,19
41,29170104003,112,113,113,113
42,29170104102,18,19,19,19
43,29170104301,4,5,5,5
44,29170104401,17,18,18,18
45,29170104403,3,4,4,4
46,29170104404,18,19,19,19
47,29170104405,25,26,26,26
48,29170104601,25,26,26,26
49,29170104801,25,26,26,26
50,29170104901,13,14,14,14
51,29170150101,5,6,6,6
52,29170150301,14,15,15,15
53,29170150401,36,37,37,37
54,29170150402,124,125,125,125
55,29170151101,13,14,14,14
56,29170200103,115,116,116,116
57,29170200104,6,7,7,7
58,29170200105,97,98,98,98
59,29170200301,4,5,5,5
60,29170200401,17,18,18,18
61,29170200402,6,7,7,7
62,29170200404,1,2,2,2
63,29170200604,14,15,15,15
64,29170200801,3,4,4,4
65,29170200803,70,71,71,71
66,29170200804,54,55,55,55
67,29170200901,56,57,57,57
68,29170200903,4,5,5,5
69,29170200904,16,17,17,17
70,29170200905,81,82,82,82
71,29170201301,25,26,26,26
72,29170201501,22,23,23,23
73,29170201702,19,20,20,20
74,29170201801,11,12,12,12
75,29170201903,84,85,85,85
76,29170201905,11,12,12,12
77,29170201906,74,75,75,75
78,29170202001,17,18,18,18
79,29170202101,2,3,3,3
80,29170202103,5,6,6,6
81,29170202105,6,7,7,7
82,29170202201,10,11,11,11
83,29170202301,61,62,62,62
84,29170202402,2,3,3,3
85,29170202502,13,14,14,14
86,29170202601,60,61,61,61
87,29170202602,8,9,9,9
88,29170202603,14,15,15,15
89,29170202604,56,57,57,57
90,29170202701,8,9,9,9
91,29170202801,24,25,25,25
92,29170202804,56,57,57,57
93,29170202901,31,32,32,32
94,29170202902,48,49,49,49
95,29170203001,7,8,8,8
96,29170203002,28,29,29,29
97,29170203101,36,37,37,37
98,29170203201,8,9,9,9
99,29170203403,19,20,20,20
100,29170203501,1,2,2,2
101,29170203502,8,9,9,9
102,29170203505,90,91,91,91
103,29170203506,66,67,67,67
104,29170203601,16,17,17,17
105,29170203701,28,29,29,29
106,29170203906,20,21,21,21
107,29170204101,1,2,2,2
108,29170204102,71,72,72,72
109,29170204103,76,77,77,77
110,29170204201,26,27,27,27
111,29170204205,1,2,2,2
112,29170204402,80,81,81,81
113,29170204404,22,23,23,23
114,29170204405,134,135,135,135
115,29170204501,7,8,8,8
116,29170204502,7,8,8,8
117,29170204503,46,47,47,47
118,29170204504,13,14,14,14
119,29170204506,34,35,35,35
120,29170204507,4,5,5,5
121,29170204601,3,4,4,4
122,29170204801,9,10,10,10
123,29170205001,5,6,6,6
124,29170205101,24,25,25,25
125,29170205102,9,10,10,10
126,29170205301,29,30,30,30
127,29170205501,19,20,20,20
128,29170205601,38,39,39,39
129,29170205603,47,48,48,48
130,29170205701,15,16,16,16
131,29170205703,4,5,5,5
132,29170205801,11,12,12,12
133,29170205802,2,3,3,3
134,29170205901,23,24,24,24
135,29170205903,1,2,2,2
136,29170205904,43,44,44,44
137,29170206001,181,182,182,182
138,29170206002,8,9,9,9
139,29170206101,64,65,65,65
140,29170206103,17,18,18,18
141,29170206104,11,12,12,12
142,29170206107,7,8,8,8
143,29170206108,91,92,92,92
144,29170206201,5,6,6,6
145,29170206202,7,8,8,8
146,29170206203,2,3,3,3
147,29170206303,23,24,24,24
148,29170206401,6,7,7,7
149,29170206402,23,24,24,24
150,29170206501,18,19,19,19
151,29170206601,2,3,3,3
152,29170206702,20,21,21,21
153,29170206901,16,17,17,17
154,29170206903,58,59,59,59
155,29170206904,6,7,7,7
156,29170206905,76,77,77,77
157,29170207204,26,27,27,27
158,29170207301,9,10,10,10
159,29170207501,22,23,23,23
160,29170207502,23,24,24,24
161,29170207504,61,62,62,62
162,29170207505,9,10,10,10
163,29170207506,75,76,76,76
164,29170207702,24,25,25,25
165,29170207703,26,27,27,27
166,29170207801,85,86,86,86
167,29170207805,118,119,119,119
168,29170207806,59,60,60,60
169,29170208001,44,45,45,45
170,29170208003,2,3,3,3
171,29170208004,5,6,6,6
172,29170208202,94,95,95,95
173,29170208205,250,251,251,251
174,29170208206,104,105,105,105
175,29170208207,4,5,5,5
176,29170208601,353,354,354,354
177,29170208901,2,3,3,3
178,29170209301,7,8,8,8
179,29170209302,23,24,24,24
180,29170209401,3,4,4,4
181,29170209402,18,19,19,19
182,29170209501,21,22,22,22
183,29170240701,9,10,10,10
184,29170240801,21,22,22,22
185,29170300101,5,6,6,6
186,29170300202,7,8,8,8
187,29170300203,2,3,3,3
188,29170300301,9,10,10,10
189,29170300303,4,5,5,5
190,29170300305,119,120,120,120
191,29170300306,5,6,6,6
192,29170300307,83,84,84,84
193,29170300401,2,3,3,3
194,29170300402,2,3,3,3
195,29170300403,27,28,28,28
196,29170300501,6,7,7,7
197,29170300502,11,12,12,12
198,29170300503,29,30,30,30
199,29170300601,4,5,5,5
200,29170300602,4,5,5,5
201,29170300603,8,9,9,9
202,29170300701,14,15,15,15
203,29170300702,32,33,33,33
204,29170300801,68,69,69,69
205,29170300802,3,4,4,4
206,29170300803,8,9,9,9
207,29170300804,9,10,10,10
208,29170300805,66,67,67,67
209,29170301001,3,4,4,4
210,29170301201,3,4,4,4
211,29170301301,21,22,22,22
212,29170301601,15,16,16,16
213,29170301602,9,10,10,10
214,29170301603,2,3,3,3
215,29170301701,21,22,22,22
216,29170301805,111,112,112,112
217,29170301901,4,5,5,5
218,29170302001,27,28,28,28
219,29170302102,9,10,10,10
220,29170302103,98,99,99,99
221,29170302201,8,9,9,9
222,29170302301,23,24,24,24
223,29170302901,23,24,24,24
224,29170303001,3,4,4,4
225,29170303201,17,18,18,18
226,29170303301,3,4,4,4
227,29170303401,51,52,52,52
228,29170303402,29,30,30,30
229,29170303501,21,22,22,22
230,29170303503,7,8,8,8
231,29170303601,3,4,4,4
232,29170303701,26,27,27,27
233,29170303702,7,8,8,8
234,29170303901,38,39,39,39
235,29170304001,64,65,65,65
236,29170304201,45,46,46,46
237,29170304202,54,55,55,55
238,29170304204,70,71,71,71
239,29170304301,4,5,5,5
240,29170304401,1,2,2,2
241,29170304403,22,23,23,23
242,29170304501,6,7,7,7
243,29170304601,7,8,8,8
244,29170304602,33,34,34,34
245,29170304603,45,46,46,46
246,29170304701,20,21,21,21
247,29170304801,15,16,16,16
248,29170304901,7,8,8,8
249,29170304902,17,18,18,18
250,29170304903,15,16,16,16
251,29170304904,66,67,67,67
252,29170305001,10,11,11,11
253,29170305002,3,4,4,4
254,29170305004,26,27,27,27
255,29170305005,71,72,72,72
256,29170305006,62,63,63,63
257,29170305101,42,43,43,43
258,29170305201,7,8,8,8
259,29170305202,19,20,20,20
260,29170305301,24,25,25,25
261,29170305401,3,4,4,4
262,29170305403,182,183,183,183
263,29170305404,11,12,12,12
264,29170305405,6,7,7,7
265,29170305406,268,269,269,269
266,29170305409,69,70,70,70
267,29170305410,2,3,3,3
268,29170305412,67,68,68,68
269,29170305414,140,141,141,141
270,29170305415,268,269,269,269
271,29170305416,85,86,86,86
272,29170305601,39,40,40,40
273,29170305602,29,30,30,30
274,29170305701,5,6,6,6
275,29170305702,2,3,3,3
276,29170305703,13,14,14,14
277,29170305801,14,15,15,15
278,29170305802,133,134,134,134
279,29170305803,117,118,118,118
280,29170350201,72,73,73,73
281,29170350202,85,86,86,86
282,29170350203,3,4,4,4
283,29170350301,306,307,307,307
284,29170350504,233,234,234,234
285,29170350802,87,88,88,88
286,29170350803,101,102,102,102
287,29170351001,6,7,7,7
288,29170400201,28,29,29,29
289,29170400301,43,44,44,44
290,29170400302,48,49,49,49
291,29170400303,4,5,5,5
292,29170400401,1,2,2,2
293,29170400403,25,26,26,26
294,29170400404,81,82,82,82
295,29170400405,71,72,72,72
296,29170400407,99,100,100,100
297,29170400409,11,12,12,12
298,29170400601,65,66,66,66
299,29170400701,1,2,2,2
300,29170400702,133,134,134,134
301,29170400705,5,6,6,6
302,29170400706,46,47,47,47
303,29170400708,175,176,176,176
304,29170400710,4,5,5,5
305,29170400711,4,5,5,5
306,29170400902,154,155,155,155
307,29170400905,205,206,206,206
308,29170401001,8,9,9,9
309,29170401101,3,4,4,4
310,29170401201,14,15,15,15
311,29170401301,117,118,118,118
312,29170401303,62,63,63,63
313,29170401304,12,13,13,13
314,29170401305,17,18,18,18
315,29170401314,257,258,258,258
316,29170401315,10,11,11,11
317,29170401501,29,30,30,30
318,29170401601,81,82,82,82
319,29170401602,7,8,8,8
320,29170401802,47,48,48,48
321,29170402001,22,23,23,23
322,29170402002,9,10,10,10
323,29170402101,5,6,6,6
324,29170402301,12,13,13,13
325,29170402401,41,42,42,42
326,29170402601,11,12,12,12
327,29170402701,75,76,76,76
328,29170402702,13,14,14,14
329,29170402706,6,7,7,7
330,29170402801,4,5,5,5
331,29170403201,104,105,105,105
332,29170403203,4,5,5,5
333,29170403209,115,116,116,116
334,29170403301,10,11,11,11
335,29170403501,53,54,54,54
336,29170403502,31,32,32,32
337,29170403503,3,4,4,4
338,29170403801,35,36,36,36
339,29170404001,2,3,3,3
340,29170404101,31,32,32,32
341,29170404201,49,50,50,50
342,29170404401,26,27,27,27
343,29170404601,27,28,28,28
344,29170404602,23,24,24,24
345,29170404603,6,7,7,7
346,29170405001,22,23,23,23
347,29170405601,9,10,10,10
348,29170405701,6,7,7,7
349,29170406201,6,7,7,7
350,29170406401,2,3,3,3
351,29170406501,99,100,100,100
352,29170406502,9,10,10,10
353,29170406503,113,114,114,114
354,29170406601,39,40,40,40
355,29170406701,30,31,31,31
356,29170406702,28,29,29,29
357,29170406703,27,28,28,28
358,29170406704,96,97,97,97
359,29170406901,52,53,53,53
360,29170406903,2,3,3,3
361,29170406904,52,53,53,53
362,29170407001,36,37,37,37
363,29170407002,6,7,7,7
364,29170407003,3,4,4,4
365,29170407601,46,47,47,47
366,29170407801,2,3,3,3
367,29170407901,89,90,90,90
368,29170407902,147,148,148,148
369,29170408101,22,23,23,23
370,29170408102,4,5,5,5
371,29170408201,3,4,4,4
372,29170408301,58,59,59,59
373,29170408401,54,55,55,55
374,29170408402,6,7,7,7
375,29170408501,2,3,3,3
376,29170408601,8,9,9,9
377,29170408602,95,96,96,96
378,29170408701,6,7,7,7
379,29170408801,6,7,7,7
380,29170408902,1,2,2,2
381,29170408904,48,49,49,49
382,29170408905,50,51,51,51
383,29170409201,16,17,17,17
384,29170409401,8,9,9,9
385,29170409601,2,3,3,3
386,29170409801,22,23,23,23
387,29170409802,2,3,3,3
388,29170410001,31,32,32,32
389,29170410201,13,14,14,14
390,29170410301,60,61,61,61
391,29170410303,53,54,54,54
392,29170410601,21,22,22,22
393,29170410801,20,21,21,21
394,29170410802,66,67,67,67
395,29170410901,7,8,8,8
396,29170411001,8,9,9,9
397,29170411301,30,31,31,31
398,29170411401,6,7,7,7
399,29170411501,44,45,45,45
400,29170411701,10,11,11,11
401,29170412001,6,7,7,7
402,29170412201,13,14,14,14
403,29170412202,18,19,19,19
404,29170412401,8,9,9,9
405,29170412501,51,52,52,52
406,29170412503,54,55,55,55
407,29170412702,37,38,38,38
408,29170412801,54,55,55,55
409,29170412901,4,5,5,5
410,29170413101,30,31,31,31
411,29170413201,6,7,7,7
412,29170413301,9,10,10,10
413,29170413401,14,15,15,15
414,29170413502,36,37,37,37
415,29170413601,18,19,19,19
416,29170413602,46,47,47,47
417,29170413701,16,17,17,17
418,29170413702,54,55,55,55
419,29170413901,67,68,68,68
420,29170413902,17,18,18,18
421,29170413907,56,57,57,57
422,29170414101,7,8,8,8
423,29170414201,8,9,9,9
424,29170414501,4,5,5,5
425,29170414701,13,14,14,14
426,29170414702,7,8,8,8
427,29170414902,180,181,181,181
428,29170414904,8,9,9,9
429,29170414905,197,198,198,198
430,29170414910,8,9,9,9
431,29170414914,60,61,61,61
432,29170414915,53,54,54,54
433,29170415101,1,2,2,2
434,29170415301,28,29,29,29
435,29170415401,11,12,12,12
436,29170415501,56,57,57,57
437,29170415601,8,9,9,9
438,29170415701,29,30,30,30
439,29170415702,10,11,11,11
440,29170415901,22,23,23,23
441,29170416001,7,8,8,8
442,29170416101,19,20,20,20
443,29170416201,2,3,3,3
444,29170416301,76,77,77,77
445,29170416302,77,78,78,78
446,29170416501,2,3,3,3
447,29170416601,16,17,17,17
448,29170416602,53,54,54,54
449,29170416603,16,17,17,17
450,29170416701,2,3,3,3
451,29170416801,74,75,75,75
452,29170416901,10,11,11,11
453,29170417101,29,30,30,30
454,29170417201,1,2,2,2
455,29170417301,1,2,2,2
456,29170417401,48,49,49,49
457,29170417601,1,2,2,2
458,29170417701,6,7,7,7
459,29170417801,2,3,3,3
460,29170418201,8,9,9,9
461,29170418301,14,15,15,15
462,29170418302,3,4,4,4
463,29170418401,36,37,37,37
464,29170418501,7,8,8,8
465,29170418601,13,14,14,14
466,29170418801,12,13,13,13
467,29170418901,102,103,103,103
468,29170418902,89,90,90,90
469,29170419001,21,22,22,22
470,29170419102,16,17,17,17
471,29170419201,50,51,51,51
472,29170419202,46,47,47,47
473,29170419203,40,41,41,41
474,29170419204,28,29,29,29
475,29170419205,34,35,35,35
476,29170419206,80,81,81,81
477,29170419210,72,73,73,73
478,29170419211,68,69,69,69
479,29170419212,120,121,121,121
480,29170419213,54,55,55,55
481,29170419301,4,5,5,5
482,29170419302,6,7,7,7
483,29170419401,3,4,4,4
484,29170419501,4,5,5,5
485,29170419601,34,35,35,35
486,29170419802,8,9,9,9
487,29170419901,139,140,140,140
488,29170419903,219,220,220,220
489,29170420101,69,70,70,70
490,29170420102,50,51,51,51
491,29170420202,1,2,2,2
492,29170420301,54,55,55,55
493,29170420401,47,48,48,48
494,29170420501,12,13,13,13
495,29170420801,2,3,3,3
496,29170420901,4,5,5,5
497,29170421001,10,11,11,11
498,29170421101,3,4,4,4
499,29170421401,1,2,2,2
500,29170421501,44,45,45,45
501,29170421601,23,24,24,24
502,29170421701,3,4,4,4
503,29170421801,16,17,17,17
504,29170421903,3,4,4,4
505,29170422101,36,37,37,37
506,29170424901,13,14,14,14
507,29170425002,40,41,41,41
508,29170425003,78,79,79,79
509,29170425401,8,9,9,9
510,29170425508,5,6,6,6
511,29170425608,4,5,5,5
512,29170425609,11,12,12,12
513,29170425610,75,76,76,76
514,29170425611,21,22,22,22
515,29170425704,51,52,52,52
516,29170425705,70,71,71,71
517,29170425809,93,94,94,94
518,29170425810,373,374,374,374
519,29170425811,90,91,91,91
520,29170425812,110,111,111,111
521,29170425904,39,40,40,40
522,29170426006,58,59,59,59
523,29170426116,163,164,164,164
524,29170426501,115,116,116,116
525,29170426703,6,7,7,7
526,29170426803,33,34,34,34
527,29170427003,88,89,89,89
528,29170427107,4,5,5,5
529,29170427203,15,16,16,16
530,29170427204,43,44,44,44
531,29170427205,4,5,5,5
532,29170427302,96,97,97,97
533,29170427601,76,77,77,77
534,29170427702,16,17,17,17
535,29170427901,8,9,9,9
536,29170428001,18,19,19,19
537,29170428101,2,3,3,3
538,29170428201,9,10,10,10
539,29170428301,21,22,22,22
540,29170428401,2,3,3,3
541,29170428601,18,19,19,19
542,29170428701,7,8,8,8
543,29170501802,2,3,3,3
544,29170502401,11,12,12,12
545,29170502601,10,11,11,11
546,29170502602,7,8,8,8
547,29170503101,24,25,25,25
548,29170504001,28,29,29,29
549,29170504002,148,149,149,149
550,29170504101,21,22,22,22
551,29170504201,49,50,50,50
552,29170504202,71,72,72,72
553,29170504203,2,3,3,3
554,29170504404,74,75,75,75
555,29170504405,22,23,23,23
556,29170504406,84,85,85,85
557,29170504702,4,5,5,5
558,29170504704,44,45,45,45
559,29170504705,36,37,37,37
560,29170504706,52,53,53,53
561,29170504801,2,3,3,3
562,29170504901,2,3,3,3
563,29170505001,2,3,3,3
564,29170505201,2,3,3,3
565,29170505302,46,47,47,47
566,29170505402,136,137,137,137
567,29170505414,69,70,70,70
568,29170505501,7,8,8,8
569,29170505701,2,3,3,3
570,29170506201,10,11,11,11
571,29170506401,16,17,17,17
572,29170506402,10,11,11,11
573,29170506502,16,17,17,17
574,29170506701,8,9,9,9
575,29170506802,6,7,7,7
576,29170506807,17,18,18,18
577,29170506808,167,168,168,168
578,29170506809,64,65,65,65
579,29170506811,66,67,67,67
580,29170506812,125,126,126,126
581,29170506813,6,7,7,7
582,29170506814,1,2,2,2
583,29170507101,76,77,77,77
584,29170507102,55,56,56,56
585,29170507201,9,10,10,10
586,29170507302,25,26,26,26
587,29170507401,24,25,25,25
588,29170507601,49,50,50,50
589,29170507602,51,52,52,52
590,29170507702,55,56,56,56
591,29170507703,36,37,37,37
592,29170507801,21,22,22,22
593,29170507901,30,31,31,31
594,29170508001,2,3,3,3
595,29170508101,64,65,65,65
596,29170508201,36,37,37,37
597,29170508302,57,58,58,58
598,29170508303,45,46,46,46
599,29170508801,1,2,2,2
600,29170508901,53,54,54,54
601,29170508902,50,51,51,51
602,29170509001,3,4,4,4
603,29170509002,26,27,27,27
604,29170509201,63,64,64,64
605,29170509202,51,52,52,52
606,29170509203,9,10,10,10
607,29170509301,65,66,66,66
608,29170509302,10,11,11,11
609,29170509303,61,62,62,62
610,29170509401,41,42,42,42
611,29170509501,8,9,9,9
612,29170509603,1,2,2,2
613,29170509701,46,47,47,47
614,29170509901,6,7,7,7
615,29170510001,9,10,10,10
616,29170510004,29,30,30,30
617,29170510201,16,17,17,17
618,29170510301,6,7,7,7
619,29170510401,6,7,7,7
620,29170510501,5,6,6,6
621,29170510602,81,82,82,82
622,29170510603,58,59,59,59
623,29170510604,9,10,10,10
624,29170510701,9,10,10,10
625,29170510703,72,73,73,73
626,29170510705,54,55,55,55
627,29170510706,6,7,7,7
628,29170510707,5,6,6,6
629,29170510801,10,11,11,11
630,29170511101,46,47,47,47
631,29170511201,21,22,22,22
632,29170511204,6,7,7,7
633,29170511304,6,7,7,7
634,29170511305,67,68,68,68
635,29170511306,78,79,79,79
636,29170511307,6,7,7,7
637,29170512001,4,5,5,5
638,29170512101,3,4,4,4
639,29170512201,32,33,33,33
640,29170512301,26,27,27,27
641,29170512401,65,66,66,66
642,29170512409,31,32,32,32
643,29170512601,44,45,45,45
644,29170512602,56,57,57,57
645,29170512701,14,15,15,15
646,29170512702,2,3,3,3
647,29170512703,5,6,6,6
648,29170512801,26,27,27,27
649,29170512802,5,6,6,6
650,29170512901,47,48,48,48
651,29170513402,66,67,67,67
652,29170513502,95,96,96,96
653,29170513503,15,16,16,16
654,29170513506,99,100,100,100
655,29170513601,6,7,7,7
656,29170513702,12,13,13,13
657,29170513801,24,25,25,25
658,29170513901,33,34,34,34
659,29170514001,57,58,58,58
660,29170514002,28,29,29,29
661,29170514301,6,7,7,7
662,29170514303,75,76,76,76
663,29170514310,5,6,6,6
664,29170514311,87,88,88,88
665,29170514401,4,5,5,5
666,29170514601,31,32,32,32
667,29170514701,9,10,10,10
668,29170514801,8,9,9,9
669,29170514802,56,57,57,57
670,29170515101,34,35,35,35
671,29170515201,56,57,57,57
672,29170515202,65,66,66,66
673,29170515401,40,41,41,41
674,29170515402,7,8,8,8
675,29170515501,30,31,31,31
676,29170515502,10,11,11,11
677,29170515503,72,73,73,73
678,29170515602,11,12,12,12
679,29170516002,20,21,21,21
680,29170516301,40,41,41,41
681,29170516303,22,23,23,23
682,29170516304,70,71,71,71
683,29170516401,23,24,24,24
684,29170516402,37,38,38,38
685,29170516403,3,4,4,4
686,29170516502,27,28,28,28
687,29170516601,38,39,39,39
688,29170516602,41,42,42,42
689,29170516902,4,5,5,5
690,29170517202,43,44,44,44
691,29170517501,3,4,4,4
692,29170517601,6,7,7,7
693,29170517602,17,18,18,18
694,29170518301,39,40,40,40
695,29170518402,8,9,9,9
696,29170518403,9,10,10,10
697,29170518601,24,25,25,25
698,29170518902,7,8,8,8
699,29170518903,5,6,6,6
700,29170519601,32,33,33,33
701,29170519701,4,5,5,5
702,29170519801,78,79,79,79
703,29170519803,14,15,15,15
704,29170519804,115,116,116,116
705,29170519901,27,28,28,28
706,29170520001,1,2,2,2
707,29170520102,10,11,11,11
708,29170520107,41,42,42,42
709,29170520109,49,50,50,50
710,29170520110,4,5,5,5
711,29170520202,5,6,6,6
712,29170520205,10,11,11,11
713,29170520206,25,26,26,26
714,29170520502,11,12,12,12
715,29170520503,7,8,8,8
716,29170520802,42,43,43,43
717,29170521101,14,15,15,15
718,29170521102,26,27,27,27
719,29170521201,8,9,9,9
720,29170521202,4,5,5,5
721,29170521301,12,13,13,13
722,29170521302,7,8,8,8
723,29170521303,62,63,63,63
724,29170521304,21,22,22,22
725,29170521401,3,4,4,4
726,29170521501,2,3,3,3
727,29170521601,61,62,62,62
728,29170521605,2,3,3,3
729,29170521606,80,81,81,81
730,29170521801,8,9,9,9
731,29170521901,24,25,25,25
732,29170522002,7,8,8,8
733,29170522101,28,29,29,29
734,29170522102,5,6,6,6
735,29170522103,3,4,4,4
736,29170522104,10,11,11,11
737,29170522301,13,14,14,14
738,29170522403,78,79,79,79
739,29170522409,54,55,55,55
740,29170522501,10,11,11,11
741,29170522601,17,18,18,18
742,29170522901,3,4,4,4
743,29170522905,81,82,82,82
744,29170522906,93,94,94,94
745,29170523002,3,4,4,4
746,29170523005,4,5,5,5
747,29170523006,102,103,103,103
748,29170523007,42,43,43,43
749,29170523301,16,17,17,17
750,29170523303,34,35,35,35
751,29170523501,9,10,10,10
752,29170523502,11,12,12,12
753,29170523701,2,3,3,3
754,29170523702,5,6,6,6
755,29170523801,84,85,85,85
756,29170523803,11,12,12,12
757,29170523804,72,73,73,73
758,29170523805,11,12,12,12
759,29170524003,1,2,2,2
760,29170524004,43,44,44,44
761,29170524401,7,8,8,8
762,29170524601,4,5,5,5
763,29170524701,2,3,3,3
764,29170524702,1,2,2,2
765,29170524801,58,59,59,59
766,29170524802,42,43,43,43
767,29170524902,8,9,9,9
768,29170525001,10,11,11,11
769,29170525005,40,41,41,41
770,29170525006,9,10,10,10
771,29170525102,20,21,21,21
772,29170525103,39,40,40,40
773,29170525104,6,7,7,7
774,29170525201,3,4,4,4
775,29170525202,6,7,7,7
776,29170525301,15,16,16,16
777,29170526001,59,60,60,60
778,29170526002,69,70,70,70
779,29170530801,46,47,47,47
780,29170530802,57,58,58,58
781,29170531704,1,2,2,2
782,29170531705,14,15,15,15
783,29170531801,101,102,102,102
784,29170531803,10,11,11,11
785,29170531804,258,259,259,259
786,29170531805,61,62,62,62
787,29170531902,34,35,35,35
788,29170532401,54,55,55,55
789,29170532502,74,75,75,75
790,29170532504,389,390,390,390
791,29170532505,69,70,70,70
792,29170532510,34,35,35,35
793,29170532601,4,5,5,5
794,29170532901,117,118,118,118
795,29170533102,133,134,134,134
796,29170533104,242,243,243,243
797,29170533105,77,78,78,78
798,29170533106,104,105,105,105
799,29170533108,57,58,58,58
800,29170533203,174,175,175,175
801,29170533301,37,38,38,38
802,29170533602,38,39,39,39
803,29170533604,70,71,71,71
804,29170533902,84,85,85,85
805,29170533903,4,5,5,5
806,29170533905,10,11,11,11
807,29170534002,35,36,36,36
808,29170534003,4,5,5,5
809,29170534004,7,8,8,8
810,29170534201,22,23,23,23
811,29170534301,27,28,28,28
812,29170534501,24,25,25,25
813,29170534601,9,10,10,10
814,29170534701,31,32,32,32
815,29170534801,62,63,63,63
816,29170534802,72,73,73,73
817,29170535101,1,2,2,2
818,29170535201,3,4,4,4
819,29170535301,4,5,5,5
820,29170535401,9,10,10,10
821,29170600101,4,5,5,5
822,29170600103,1,2,2,2
823,29170600203,6,7,7,7
824,29170600204,13,14,14,14
825,29170600205,6,7,7,7
826,29170600309,7,8,8,8
827,29170600310,10,11,11,11
828,29170600311,49,50,50,50
829,29170600402,36,37,37,37
830,29170600403,4,5,5,5
831,29170600404,38,39,39,39
832,29170600501,12,13,13,13
833,29170600603,5,6,6,6
834,29170600605,20,21,21,21
835,29170600606,5,6,6,6
836,29170600607,136,137,137,137
837,29170600616,3,4,4,4
838,29170600617,127,128,128,128
839,29170600701,2,3,3,3
840,29170600702,9,10,10,10
841,29170600703,25,26,26,26
842,29170600707,9,10,10,10
843,29170600708,30,31,31,31
844,29170600801,3,4,4,4
845,29170600803,19,20,20,20
846,29170600804,10,11,11,11
847,29170600805,27,28,28,28
848,29170600806,2,3,3,3
849,29170600901,8,9,9,9
850,29170601103,19,20,20,20
851,29170601701,2,3,3,3
852,29170601801,40,41,41,41
853,29170601802,86,87,87,87
854,29170601803,16,17,17,17
855,29170601804,81,82,82,82
856,29170601805,4,5,5,5
857,29170601902,4,5,5,5
858,29170602101,22,23,23,23
859,29170602103,5,6,6,6
860,29170602104,3,4,4,4
861,29170602105,5,6,6,6
862,29170602109,4,5,5,5
863,29170602110,18,19,19,19
864,29170602111,3,4,4,4
865,29170602203,224,225,225,225
866,29170602204,33,34,34,34
867,29170602205,6,7,7,7
868,29170602301,8,9,9,9
869,29170602401,3,4,4,4
870,29170602602,3,4,4,4
871,29170602701,7,8,8,8
872,29170602801,3,4,4,4
873,29170602901,3,4,4,4
874,29170603001,7,8,8,8
875,29170603003,8,9,9,9
876,29170603101,1,2,2,2
877,29170603302,11,12,12,12
878,29170603501,4,5,5,5
879,29170603601,2,3,3,3
880,29170603903,2,3,3,3
881,29170603904,1,2,2,2
882,29170603908,98,99,99,99
883,29170603909,42,43,43,43
884,29170603910,7,8,8,8
885,29170604101,7,8,8,8
886,29170604201,47,48,48,48
887,29170604202,11,12,12,12
888,29170604401,23,24,24,24
889,29170604601,5,6,6,6
890,29170604603,10,11,11,11
891,29170604901,20,21,21,21
892,29170604902,47,48,48,48
893,29170604903,38,39,39,39
894,29170605001,61,62,62,62
895,29170605007,54,55,55,55
896,29170605101,16,17,17,17
897,29170605301,6,7,7,7
898,29170605302,9,10,10,10
899,29170605501,7,8,8,8
900,29170605601,21,22,22,22
901,29170605602,43,44,44,44
902,29170605603,1,2,2,2
903,29170605604,1,2,2,2
904,29170605607,5,6,6,6
905,29170606101,102,103,103,103
906,29170606205,7,8,8,8
907,29170606206,7,8,8,8
908,29170606207,158,159,159,159
909,29170606208,101,102,102,102
910,29170606302,5,6,6,6
911,29170606303,39,40,40,40
912,29170606401,5,6,6,6
913,29170606601,4,5,5,5
914,29170606701,36,37,37,37
915,29170606702,66,67,67,67
916,29170606703,3,4,4,4
917,29170606706,5,6,6,6
918,29170606710,74,75,75,75
919,29170606802,5,6,6,6
920,29170606901,12,13,13,13
921,29170606902,15,16,16,16
922,29170607001,95,96,96,96
923,29170607002,70,71,71,71
924,29170607401,12,13,13,13
925,29170607501,34,35,35,35
926,29170607507,6,7,7,7
927,29170607601,49,50,50,50
928,29170607701,21,22,22,22
929,29170607801,5,6,6,6
930,29170607901,3,4,4,4
931,29170608101,110,111,111,111
932,29170608108,84,85,85,85
933,29170608201,7,8,8,8
934,29170608301,10,11,11,11
935,29170608403,5,6,6,6
936,29170608404,40,41,41,41
937,29170608701,20,21,21,21
938,29170608702,27,28,28,28
939,29170608706,14,15,15,15
940,29170608708,8,9,9,9
941,29170608801,54,55,55,55
942,29170608802,4,5,5,5
943,29170608803,56,57,57,57
944,29170608804,9,10,10,10
945,29170608805,50,51,51,51
946,29170608905,9,10,10,10
947,29170608906,8,9,9,9
948,29170608907,4,5,5,5
949,29170608908,12,13,13,13
950,29170609002,11,12,12,12
951,29170609101,5,6,6,6
952,29170609102,2,3,3,3
953,29170609401,4,5,5,5
954,29170609801,62,63,63,63
955,29170610001,32,33,33,33
956,29170610002,77,78,78,78
957,29170610102,4,5,5,5
958,29170610103,6,7,7,7
959,29170610201,5,6,6,6
960,29170610301,13,14,14,14
961,29170610501,8,9,9,9
962,29170610601,20,21,21,21
963,29170610801,33,34,34,34
964,29170610901,16,17,17,17
965,29170611001,42,43,43,43
966,29170611002,34,35,35,35
967,29170611004,4,5,5,5
968,29170611005,3,4,4,4
969,29170611101,3,4,4,4
970,29170611301,44,45,45,45
971,29170611401,4,5,5,5
972,29170611501,29,30,30,30
973,29170611502,4,5,5,5
974,29170611601,5,6,6,6
975,29170611701,38,39,39,39
976,29170611901,62,63,63,63
977,29170611902,3,4,4,4
978,29170611905,54,55,55,55
979,29170612002,6,7,7,7
980,29170612101,15,16,16,16
981,29170612201,14,15,15,15
982,29170612401,32,33,33,33
983,29170612403,4,5,5,5
984,29170612406,54,55,55,55
985,29170612601,51,52,52,52
986,29170612801,72,73,73,73
987,29170612802,1,2,2,2
988,29170612804,40,41,41,41
989,29170613002,43,44,44,44
990,29170613003,6,7,7,7
991,29170613401,147,148,148,148
992,29170613405,65,66,66,66
993,29170613406,62,63,63,63
994,29170613801,23,24,24,24
995,29170614001,29,30,30,30
996,29170614002,27,28,28,28
997,29170614003,6,7,7,7
998,29170614004,35,36,36,36
999,29170614005,4,5,5,5
1000,29170614101,78,79,79,79
1001,29170614102,5,6,6,6
1002,29170614103,1,2,2,2
1003,29170614105,85,86,86,86
1004,29170614301,7,8,8,8
1005,29170614601,29,30,30,30
1006,29170614701,5,6,6,6
1007,29170614801,5,6,6,6
1008,29170614901,6,7,7,7
1009,29170615001,74,75,75,75
1010,29170615003,58,59,59,59
1011,29170615101,9,10,10,10
1012,29170615102,52,53,53,53
1013,29170615103,61,62,62,62
1014,29170615201,3,4,4,4
1015,29170615202,4,5,5,5
1016,29170615301,37,38,38,38
1017,29170615302,14,15,15,15
1018,29170615401,36,37,37,37
1019,29170615402,11,12,12,12
1020,29170615403,1,2,2,2
1021,29170615501,3,4,4,4
1022,29170615601,10,11,11,11
1023,29170615602,14,15,15,15
1024,29170615702,16,17,17,17
1025,29170615801,9,10,10,10
1026,29170615901,73,74,74,74
1027,29170615903,6,7,7,7
1028,29170615907,93,94,94,94
1029,29170615909,4,5,5,5
1030,29170616103,25,26,26,26
1031,29170616105,39,40,40,40
1032,29170616202,3,4,4,4
1033,29170616301,6,7,7,7
1034,29170616302,1,2,2,2
1035,29170616401,8,9,9,9
1036,29170616701,45,46,46,46
1037,29170616705,59,60,60,60
1038,29170616801,6,7,7,7
1039,29170616802,5,6,6,6
1040,29170616901,5,6,6,6
1041,29170617201,27,28,28,28
1042,29170617202,12,13,13,13
1043,29170617301,6,7,7,7
1044,29170617302,2,3,3,3
1045,29170617501,3,4,4,4
1046,29170618001,6,7,7,7
1047,29170618101,6,7,7,7
1048,29170618201,5,6,6,6
1049,29170618601,84,85,85,85
1050,29170618602,51,52,52,52
1051,29170618701,7,8,8,8
1052,29170618801,27,28,28,28
1053,29170618802,29,30,30,30
1054,29170619001,42,43,43,43
1055,29170619002,1,2,2,2
1056,29170619003,33,34,34,34
1057,29170619202,11,12,12,12
1058,29170619203,5,6,6,6
1059,29170619301,11,12,12,12
1060,29170619306,7,8,8,8
1061,29170619401,10,11,11,11
1062,29170619402,4,5,5,5
1063,29170619403,2,3,3,3
1064,29170619405,14,15,15,15
1065,29170619411,7,8,8,8
1066,29170619412,6,7,7,7
1067,29170619413,7,8,8,8
1068,29170619415,149,150,150,150
1069,29170619416,131,132,132,132
1070,29170619419,61,62,62,62
1071,29170619502,36,37,37,37
1072,29170619504,45,46,46,46
1073,29170619505,80,81,81,81
1074,29170619601,10,11,11,11
1075,29170619603,42,43,43,43
1076,29170619701,20,21,21,21
1077,29170619702,9,10,10,10
1078,29170619703,5,6,6,6
1079,29170619803,11,12,12,12
1080,29170619806,99,100,100,100
1081,29170619807,82,83,83,83
1082,29170619901,33,34,34,34
1083,29170619903,7,8,8,8
1084,29170619904,12,13,13,13
1085,29170619905,2,3,3,3
1086,29170619906,10,11,11,11
1087,29170620001,28,29,29,29
1088,29170620002,7,8,8,8
1089,29170620003,45,46,46,46
1090,29170620301,108,109,109,109
1091,29170620302,82,83,83,83
1092,29170620303,56,57,57,57
1093,29170620304,14,15,15,15
1094,29170620401,54,55,55,55
1095,29170620403,10,11,11,11
1096,29170620404,47,48,48,48
1097,29170620502,30,31,31,31
1098,29170620503,4,5,5,5
1099,29170620504,7,8,8,8
1100,29170620601,10,11,11,11
1101,29170620701,41,42,42,42
1102,29170620705,40,41,41,41
1103,29170620706,6,7,7,7
1104,29170620801,116,117,117,117
1105,29170620802,8,9,9,9
1106,29170620804,13,14,14,14
1107,29170620809,10,11,11,11
1108,29170620810,122,123,123,123
1109,29170620811,10,11,11,11
1110,29170620812,4,5,5,5
1111,29170620901,15,16,16,16
1112,29170620902,7,8,8,8
1113,29170620903,35,36,36,36
1114,29170620904,58,59,59,59
1115,29170621001,7,8,8,8
1116,29170621101,5,6,6,6
1117,29170621202,55,56,56,56
1118,29170621203,64,65,65,65
1119,29170621501,14,15,15,15
1120,29170621701,7,8,8,8
1121,29170622101,8,9,9,9
1122,29170622301,41,42,42,42
1123,29170622303,7,8,8,8
1124,29170622304,51,52,52,52
1125,29170622401,3,4,4,4
1126,29170622501,4,5,5,5
1127,29170622502,11,12,12,12
1128,29170622801,9,10,10,10
1129,29170622802,4,5,5,5
1130,29170622902,7,8,8,8
1131,29170622903,7,8,8,8
1132,29170623067,73,74,74,74
1133,29170623090,46,47,47,47
1134,29170623102,4,5,5,5
1135,29170623103,1,2,2,2
1136,29170623104,3,4,4,4
1137,29170623105,62,63,63,63
1138,29170623201,52,53,53,53
1139,29170623202,63,64,64,64
1140,29170623401,10,11,11,11
1141,29170623402,137,138,138,138
1142,29170623501,34,35,35,35
1143,29170623503,59,60,60,60
1144,29170623602,124,125,125,125
1145,29170623703,361,362,362,362
1146,29170623704,46,47,47,47
1147,29170623705,87,88,88,88
1148,29170623901,52,53,53,53
1149,29170623902,68,69,69,69
1150,29170623903,1,2,2,2
1151,29170623904,12,13,13,13
1152,29170623906,40,41,41,41
1153,29170624001,41,42,42,42
1154,29170624006,154,155,155,155
1155,29170624007,26,27,27,27
1156,29170624101,116,117,117,117
1157,29170624102,351,352,352,352
1158,29170624104,19,20,20,20
1159,29170624106,451,452,452,452
1160,29170624107,88,89,89,89
1161,29170624205,45,46,46,46
1162,29170624502,23,24,24,24
1163,29170624503,78,79,79,79
1164,29170624506,64,65,65,65
1165,29170624901,75,76,76,76
1166,29170624902,47,48,48,48
1167,29170625006,17,18,18,18
1168,29170625007,92,93,93,93
1169,29170625101,332,333,333,333
1170,29170625103,93,94,94,94
1171,29170625402,47,48,48,48
1172,29170625502,224,225,225,225
1173,29170625503,62,63,63,63
1174,29170625504,248,249,249,249
1175,29170625505,293,294,294,294
1176,29170625506,113,114,114,114
1177,29170625507,276,277,277,277
1178,29170625801,59,60,60,60
1179,29170625802,29,30,30,30
1180,29170626101,9,10,10,10
1181,29170626102,146,147,147,147
1182,29170626201,30,31,31,31
1183,29170626202,70,71,71,71
1184,29170626203,7,8,8,8
1185,29170626205,8,9,9,9
1186,29170626302,169,170,170,170
1187,29170626401,59,60,60,60
1188,29170626402,28,29,29,29
1189,29170626404,33,34,34,34
1190,29170626606,7,8,8,8
1191,29170626607,5,6,6,6
1192,29170626703,6,7,7,7
1193,29170626705,2,3,3,3
1194,29170626706,13,14,14,14
1195,29170626802,37,38,38,38
1196,29170626901,95,96,96,96
1197,29170626902,9,10,10,10
1198,29170627001,10,11,11,11
1199,29170627501,15,16,16,16
1200,29170700101,10,11,11,11
1201,29170700102,92,93,93,93
1202,29170700103,29,30,30,30
1203,29170700105,2,3,3,3
1204,29170700117,43,44,44,44
1205,29170700118,6,7,7,7
1206,29170700301,73,74,74,74
1207,29170700303,9,10,10,10
1208,29170700305,45,46,46,46
1209,29170700308,1,2,2,2
1210,29170700501,6,7,7,7
1211,29170700502,5,6,6,6
1212,29170700720,35,36,36,36
1213,29170700722,14,15,15,15
1214,29170700901,6,7,7,7
1215,29170700902,30,31,31,31
1216,29170700903,1,2,2,2
1217,29170701001,5,6,6,6
1218,29170701002,5,6,6,6
1219,29170701101,44,45,45,45
1220,29170701102,32,33,33,33
1221,29170701104,3,4,4,4
1222,29170701106,176,177,177,177
1223,29170701201,16,17,17,17
1224,29170701301,2,3,3,3
1225,29170701302,6,7,7,7
1226,29170701305,48,49,49,49
1227,29170701401,17,18,18,18
1228,29170701501,2,3,3,3
1229,29170701502,5,6,6,6
1230,29170701701,2,3,3,3
1231,29170701801,10,11,11,11
1232,29170701901,7,8,8,8
1233,29170701902,8,9,9,9
1234,29170702102,9,10,10,10
1235,29170702104,2,3,3,3
1236,29170702106,23,24,24,24
1237,29170702108,13,14,14,14
1238,29170702109,84,85,85,85
1239,29170702110,61,62,62,62
1240,29170702201,18,19,19,19
1241,29170702301,25,26,26,26
1242,29170702901,1,2,2,2
1243,29170703101,6,7,7,7
1244,29170703102,93,94,94,94
1245,29170703103,18,19,19,19
1246,29170703105,63,64,64,64
1247,29170703201,17,18,18,18
1248,29170703301,42,43,43,43
1249,29170703501,16,17,17,17
1250,29170703502,15,16,16,16
1251,29170703505,1,2,2,2
1252,29170703601,34,35,35,35
1253,29170703701,64,65,65,65
1254,29170703702,7,8,8,8
1255,29170703705,2,3,3,3
1256,29170703709,16,17,17,17
1257,29170703711,4,5,5,5
1258,29170703713,160,161,161,161
1259,29170703801,18,19,19,19
1260,29170703802,20,21,21,21
1261,29170704001,24,25,25,25
1262,29170704005,31,32,32,32
1263,29170704006,3,4,4,4
1264,29170704007,6,7,7,7
1265,29170704009,21,22,22,22
1266,29170704102,7,8,8,8
1267,29170704104,29,30,30,30
1268,29170704303,40,41,41,41
1269,29170704304,179,180,180,180
1270,29170704401,16,17,17,17
1271,29170704502,60,61,61,61
1272,29170704901,4,5,5,5
1273,29170704902,6,7,7,7
1274,29170705001,33,34,34,34
1275,29170705101,24,25,25,25
1276,29170705102,17,18,18,18
1277,29170705103,2,3,3,3
1278,29170705201,22,23,23,23
1279,29170705202,33,34,34,34
1280,29170705203,3,4,4,4
1281,29170705303,36,37,37,37
1282,29170705304,1,2,2,2
1283,29170705401,18,19,19,19
1284,29170705501,13,14,14,14
1285,29170705901,8,9,9,9
1286,29170705902,2,3,3,3
1287,29170706001,19,20,20,20
1288,29170706301,5,6,6,6
1289,29170706302,8,9,9,9
1290,29170706601,1,2,2,2
1291,29170706901,45,46,46,46
1292,29170707101,7,8,8,8
1293,29170707201,11,12,12,12
1294,29170707301,53,54,54,54
1295,29170707401,18,19,19,19
1296,29170707802,11,12,12,12
1297,29170707901,83,84,84,84
1298,29170707902,9,10,10,10
1299,29170707903,10,11,11,11
1300,29170707904,7,8,8,8
1301,29170708001,13,14,14,14
1302,29170708101,7,8,8,8
1303,29170708301,105,106,106,106
1304,29170708302,4,5,5,5
1305,29170708304,44,45,45,45
1306,29170708601,51,52,52,52
1307,29170708602,4,5,5,5
1308,29170708604,23,24,24,24
1309,29170708701,35,36,36,36
1310,29170708801,9,10,10,10
1311,29170709001,3,4,4,4
1312,29170709002,14,15,15,15
1313,29170709004,40,41,41,41
1314,29170709401,13,14,14,14
1315,29170709402,8,9,9,9
1316,29170709501,44,45,45,45
1317,29170709502,16,17,17,17
1318,29170709505,12,13,13,13
1319,29170709506,20,21,21,21
1320,29170709507,9,10,10,10
1321,29170709702,7,8,8,8
1322,29170709704,35,36,36,36
1323,29170709801,15,16,16,16
1324,29170709802,8,9,9,9
1325,29170709901,115,116,116,116
1326,29170710301,15,16,16,16
1327,29170710307,4,5,5,5
1328,29170710401,3,4,4,4
1329,29170710601,8,9,9,9
1330,29170710801,16,17,17,17
1331,29170711001,13,14,14,14
1332,29170711002,6,7,7,7
1333,29170711101,9,10,10,10
1334,29170711201,18,19,19,19
1335,29170711301,16,17,17,17
1336,29170711302,29,30,30,30
1337,29170711303,7,8,8,8
1338,29170711401,97,98,98,98
1339,29170711409,73,74,74,74
1340,29170711501,7,8,8,8
1341,29170711601,8,9,9,9
1342,29170711701,26,27,27,27
1343,29170711801,4,5,5,5
1344,29170711901,36,37,37,37
1345,29170711902,30,31,31,31
1346,29170712001,19,20,20,20
1347,29170712101,23,24,24,24
1348,29170712103,42,43,43,43
1349,29170712701,3,4,4,4
1350,29170712801,6,7,7,7
1351,29170712901,8,9,9,9
1352,29170713001,23,24,24,24
1353,29170713202,15,16,16,16
1354,29170713401,34,35,35,35
1355,29170713402,8,9,9,9
1356,29170713601,14,15,15,15
1357,29170713701,39,40,40,40
1358,29170713901,20,21,21,21
1359,29170713902,8,9,9,9
1360,29170714008,7,8,8,8
1361,29170714101,3,4,4,4
1362,29170714201,17,18,18,18
1363,29170714301,10,11,11,11
1364,29170714302,1,2,2,2
1365,29170714601,351,352,352,352
1366,29170714602,254,255,255,255
1367,29170714701,105,106,106,106
1368,29170714703,160,161,161,161
1369,29170714704,13,14,14,14
1370,29170715001,116,117,117,117
1371,29170715502,224,225,225,225
1372,29170715701,26,27,27,27
1373,29170715802,130,131,131,131
1374,29170715803,66,67,67,67
1375,29170716001,16,17,17,17
1376,29170716303,2,3,3,3
1377,29170716304,8,9,9,9
1378,29170716305,25,26,26,26
1379,29170716306,29,30,30,30
1380,29170716307,40,41,41,41
1381,29170716308,37,38,38,38
1382,29170716309,106,107,107,107
1383,29170716310,87,88,88,88
1384,29170716312,325,326,326,326
1385,29170716316,70,71,71,71
1386,29170716317,4,5,5,5
1387,29170716318,3,4,4,4
1388,29170716401,3,4,4,4
1389,29170800101,69,70,70,70
1390,29170800104,54,55,55,55
1391,29170800201,59,60,60,60
1392,29170800401,29,30,30,30
1393,29170800402,1,2,2,2
1394,29170800501,28,29,29,29
1395,29170800502,9,10,10,10
1396,29170800503,5,6,6,6
1397,29170800504,59,60,60,60
1398,29170800601,242,243,243,243
1399,29170800603,33,34,34,34
1400,29170800604,3,4,4,4
1401,29170800605,16,17,17,17
1402,29170800606,214,215,215,215
1403,29170800701,4,5,5,5
1404,29170800703,5,6,6,6
1405,29170800802,2,3,3,3
1406,29170800901,108,109,109,109
1407,29170800902,45,46,46,46
1408,29170801101,29,30,30,30
1409,29170801202,13,14,14,14
1410,29170801203,10,11,11,11
1411,29170801205,10,11,11,11
1412,29170801303,11,12,12,12
1413,29170801305,57,58,58,58
1414,29170801306,40,41,41,41
1415,29170801401,39,40,40,40
1416,29170801501,31,32,32,32
1417,29170801502,5,6,6,6
1418,29170801503,61,62,62,62
1419,29170801702,18,19,19,19
1420,29170801801,43,44,44,44
1421,29170801804,42,43,43,43
1422,29170801901,62,63,63,63
1423,29170801906,73,74,74,74
1424,29170802101,31,32,32,32
1425,29170802103,51,52,52,52
1426,29170802202,12,13,13,13
1427,29170802401,22,23,23,23
1428,29170802501,27,28,28,28
1429,29170802502,5,6,6,6
1430,29170802503,4,5,5,5
1431,29170802601,2,3,3,3
1432,29170802701,18,19,19,19
1433,29170802903,94,95,95,95
1434,29170802905,3,4,4,4
1435,29170802906,14,15,15,15
1436,29170802907,60,61,61,61
1437,29170802908,20,21,21,21
1438,29170803101,94,95,95,95
1439,29170803102,49,50,50,50
1440,29170803103,8,9,9,9
1441,29170803202,9,10,10,10
1442,29170803304,13,14,14,14
1443,29170803402,21,22,22,22
1444,29170803405,10,11,11,11
1445,29170803501,89,90,90,90
1446,29170803505,33,34,34,34
1447,29170803506,5,6,6,6
1448,29170803601,34,35,35,35
1449,29170803604,5,6,6,6
1450,29170803605,3,4,4,4
1451,29170803607,1,2,2,2
1452,29170803701,87,88,88,88
1453,29170803705,77,78,78,78
1454,29170803801,8,9,9,9
1455,29170803901,16,17,17,17
1456,29170804002,3,4,4,4
1457,29170804101,37,38,38,38
1458,29170804102,30,31,31,31
1459,29170804202,2,3,3,3
1460,29170804204,70,71,71,71
1461,29170804205,27,28,28,28
1462,29170804301,37,38,38,38
1463,29170804501,20,21,21,21
1464,29170804701,46,47,47,47
1465,29170804702,67,68,68,68
1466,29170804801,3,4,4,4
1467,29170804903,3,4,4,4
1468,29170804904,20,21,21,21
1469,29170805001,64,65,65,65
1470,29170805002,18,19,19,19
1471,29170805004,13,14,14,14
1472,29170805009,7,8,8,8
1473,29170805016,11,12,12,12
1474,29170805018,6,7,7,7
1475,29170805019,6,7,7,7
1476,29170805020,5,6,6,6
1477,29170805021,6,7,7,7
1478,29170805022,7,8,8,8
1479,29170805023,12,13,13,13
1480,29170805024,2,3,3,3
1481,29170805026,6,7,7,7
1482,29170805027,70,71,71,71
1483,29170805029,7,8,8,8
1484,29170805030,23,24,24,24
1485,29170805101,37,38,38,38
1486,29170805102,266,267,267,267
1487,29170805107,3,4,4,4
1488,29170805110,73,74,74,74
1489,29170805111,72,73,73,73
1490,29170805112,9,10,10,10
1491,29170805207,18,19,19,19
1492,29170805208,7,8,8,8
1493,29170805301,18,19,19,19
1494,29170805302,1,2,2,2
1495,29170805303,6,7,7,7
1496,29170805401,9,10,10,10
1497,29170805701,39,40,40,40
1498,29170805704,53,54,54,54
1499,29170805801,34,35,35,35
1500,29170805802,7,8,8,8
1501,29170805803,11,12,12,12
1502,29170805901,53,54,54,54
1503,29170806001,83,84,84,84
1504,29170806004,35,36,36,36
1505,29170806010,59,60,60,60
1506,29170806161,86,87,87,87
1507,29170806162,11,12,12,12
1508,29170806163,23,24,24,24
1509,29170806167,55,56,56,56
1510,29170806202,61,62,62,62
1511,29170806203,3,4,4,4
1512,29170806301,3,4,4,4
1513,29170806401,17,18,18,18
1514,29170806502,2,3,3,3
1515,29170806703,27,28,28,28
1516,29170806704,7,8,8,8
1517,29170810401,21,22,22,22
1518,29170810702,8,9,9,9
1519,29170810801,44,45,45,45
1520,29170811202,7,8,8,8
1521,29170811302,12,13,13,13
1522,29170811402,1,2,2,2
1523,29170811602,64,65,65,65
1524,29170812601,30,31,31,31
1525,29170813501,7,8,8,8
1526,29170814101,9,10,10,10
1527,29170814202,3,4,4,4
1528,29170814401,8,9,9,9
1529,29170814602,6,7,7,7
1530,29170814604,3,4,4,4
1531,29170814605,16,17,17,17
1532,29170815401,55,56,56,56
1533,29170815404,5,6,6,6
1534,29170815405,14,15,15,15
1535,29170815406,7,8,8,8
1536,29170815407,11,12,12,12
1537,29170815409,6,7,7,7
1538,29170815411,4,5,5,5
1539,29170816601,28,29,29,29
1540,29170816602,17,18,18,18
1541,29170817301,16,17,17,17
1542,29170817701,10,11,11,11
1543,29170818401,8,9,9,9
1544,29170818501,1,2,2,2
1545,29170818801,2,3,3,3
1546,29170819201,58,59,59,59
1547,29170819801,74,75,75,75
1548,29170819802,75,76,76,76
1549,29170819901,44,45,45,45
1550,29170820101,2,3,3,3
1551,29170820201,6,7,7,7
1552,29170820601,54,55,55,55
1553,29170820602,45,46,46,46
1554,29170820701,9,10,10,10
1555,29170820902,7,8,8,8
1556,29170821001,32,33,33,33
1557,29170821501,19,20,20,20
1558,29170821701,5,6,6,6
1559,29170821702,6,7,7,7
1560,29170821801,15,16,16,16
1561,29170821802,19,20,20,20
1562,29170824101,6,7,7,7
1563,29170826402,68,69,69,69
1564,29170826501,58,59,59,59
1565,29170826502,18,19,19,19
1566,29170826601,8,9,9,9
1567,29170826801,55,56,56,56
1568,29170827201,36,37,37,37
1569,29170827302,56,57,57,57
1570,29170827303,131,132,132,132
1571,29170827304,175,176,176,176
1572,29170827401,5,6,6,6
1573,29170827405,222,223,223,223
1574,29170827602,105,106,106,106
1575,29170827604,58,59,59,59
1576,29170827701,23,24,24,24
1577,29170827803,89,90,90,90
1578,29170827804,9,10,10,10
1579,29170828701,12,13,13,13
1580,29170828801,81,82,82,82
1581,29170828804,12,13,13,13
1582,29170828805,22,23,23,23
1583,29170828901,4,5,5,5
1584,29170828902,31,32,32,32
1585,29170829101,5,6,6,6
1586,29170829301,5,6,6,6
1587,29170829401,5,6,6,6
1588,29170829501,5,6,6,6
1589,29170829601,6,7,7,7
1590,29170829701,7,8,8,8
1591,29170829801,4,5,5,5
1592,29170830001,12,13,13,13
1593,29170830002,10,11,11,11
1594,29170830003,8,9,9,9
1595,29170830101,12,13,13,13
